<?xml version = '1.0' encoding = 'UTF-8'?>
<DomainFile class="oracle.dbtools.crest.model.design.DomainFileWrapper" fileName="HW1">
   <domains>
      <Domain class="oracle.dbtools.crest.model.design.Domain" name="Zip" directorySegmentName="seg_0" id="12640F29-A75D-5774-A336-BBC7B6BEC903">
         <createdBy>reimu</createdBy>
         <createdTime>2022-09-22 06:59:40 UTC</createdTime>
         <ownerDesignName>System</ownerDesignName>
         <avTSortOrder>0</avTSortOrder>
         <dataTypeSize>10</dataTypeSize>
         <fileName>defaultdomains</fileName>
         <logicalDatatype>LOGDT024</logicalDatatype>
      </Domain>
      <Domain class="oracle.dbtools.crest.model.design.Domain" name="State" directorySegmentName="seg_0" id="15E78D3B-B9BE-5A32-A3E9-5F1916C8244B">
         <createdBy>reimu</createdBy>
         <createdTime>2022-09-22 06:59:26 UTC</createdTime>
         <ownerDesignName>System</ownerDesignName>
         <avTSortOrder>0</avTSortOrder>
         <dataTypeSize>2</dataTypeSize>
         <fileName>defaultdomains</fileName>
         <logicalDatatype>LOGDT024</logicalDatatype>
      </Domain>
      <Domain class="oracle.dbtools.crest.model.design.Domain" name="City" directorySegmentName="seg_0" id="272FAAEC-3C2A-C060-66A7-18B988301FE0">
         <createdBy>reimu</createdBy>
         <createdTime>2022-09-22 06:59:12 UTC</createdTime>
         <ownerDesignName>System</ownerDesignName>
         <avTSortOrder>0</avTSortOrder>
         <dataTypeSize>25</dataTypeSize>
         <fileName>defaultdomains</fileName>
         <logicalDatatype>LOGDT024</logicalDatatype>
      </Domain>
      <Domain class="oracle.dbtools.crest.model.design.Domain" name="Person Name" directorySegmentName="seg_0" id="85F94878-A403-FFB5-5C4C-0338ABEBC4D3">
         <createdBy>reimu</createdBy>
         <createdTime>2022-09-22 06:58:21 UTC</createdTime>
         <ownerDesignName>System</ownerDesignName>
         <avTSortOrder>0</avTSortOrder>
         <dataTypeSize>25</dataTypeSize>
         <fileName>defaultdomains</fileName>
         <logicalDatatype>LOGDT024</logicalDatatype>
      </Domain>
      <Domain class="oracle.dbtools.crest.model.design.Domain" name="Numeric Id" directorySegmentName="seg_0" id="96C20CB8-FCDB-254D-C56E-46B921689A6B">
         <createdBy>reimu</createdBy>
         <createdTime>2022-09-22 07:00:04 UTC</createdTime>
         <ownerDesignName>System</ownerDesignName>
         <avTSortOrder>0</avTSortOrder>
         <dataTypePrecision>7</dataTypePrecision>
         <dataTypeScale>0</dataTypeScale>
         <fileName>defaultdomains</fileName>
         <logicalDatatype>LOGDT019</logicalDatatype>
      </Domain>
      <Domain class="oracle.dbtools.crest.model.design.Domain" name="Book Id" directorySegmentName="seg_0" id="A0364EBC-BE2F-181C-0B43-4DEC6215ED7C">
         <createdBy>reimu</createdBy>
         <createdTime>2022-09-22 06:59:52 UTC</createdTime>
         <ownerDesignName>System</ownerDesignName>
         <avTSortOrder>0</avTSortOrder>
         <dataTypeSize>20</dataTypeSize>
         <fileName>defaultdomains</fileName>
         <logicalDatatype>LOGDT024</logicalDatatype>
      </Domain>
      <Domain class="oracle.dbtools.crest.model.design.Domain" name="Address Line" directorySegmentName="seg_0" id="BE218845-E94E-F734-9C54-9C014A731B16">
         <createdBy>reimu</createdBy>
         <createdTime>2022-09-22 06:58:27 UTC</createdTime>
         <ownerDesignName>System</ownerDesignName>
         <avTSortOrder>0</avTSortOrder>
         <dataTypeSize>40</dataTypeSize>
         <fileName>defaultdomains</fileName>
         <logicalDatatype>LOGDT024</logicalDatatype>
      </Domain>
      <Domain class="oracle.dbtools.crest.model.design.Domain" name="Unknown" id="DOM3000004">
         <createdBy>reimu</createdBy>
         <createdTime>2022-09-22 06:58:13 UTC</createdTime>
         <ownerDesignName>System</ownerDesignName>
         <avTSortOrder>0</avTSortOrder>
         <fileName>defaultdomains</fileName>
         <logicalDatatype>LOGDT017</logicalDatatype>
      </Domain>
      <Domain class="oracle.dbtools.crest.model.design.Domain" name="Title" directorySegmentName="seg_0" id="EE2096E9-5368-42BC-0CDB-D355F9631FE7">
         <createdBy>reimu</createdBy>
         <createdTime>2022-09-22 07:00:27 UTC</createdTime>
         <ownerDesignName>System</ownerDesignName>
         <avTSortOrder>0</avTSortOrder>
         <dataTypeSize>50</dataTypeSize>
         <fileName>defaultdomains</fileName>
         <logicalDatatype>LOGDT024</logicalDatatype>
      </Domain>
   </domains>
</DomainFile>
