<?xml version = '1.0' encoding = 'UTF-8'?>
<DatamodelerPersistedDDLSelection designName="HW1_proj" objectID="648A163D-3230-E9E3-328E-A1558279EAC9">
   <IncludeComments isSelected="false"/>
   <applyNameSubstitution isSelected="false"/>
   <generateDDLInFiles isSelected="false"/>
   <generateRESTServices isSelected="false"/>
   <activeScriptSetCBIndex selectedIndex="1"/>
   <oracle.dbtools.crest.model.design.relational.RelationalDesign objectID="1B13C3BF-B27D-4516-354D-80DCEA27DFA4">
      <object objectID="BBD5D544-A397-1B39-CB65-637BAEE9BAF0" markedGenerate="true"/>
      <object objectID="185A78F0-BA77-AD1B-180A-01F166F09419" markedGenerate="true"/>
      <object objectID="A1CD8D9F-68BC-295F-BA8A-41DDC1B5B712" markedGenerate="true"/>
      <object objectID="8EEABB5A-0F93-620F-8080-5E4A3184F4CF" markedGenerate="true"/>
      <object objectID="B3EB61ED-CC0C-D6C7-EA5F-669F8CB444D9" markedGenerate="true"/>
      <object objectID="228A8F58-ECF8-7DCE-4C7A-EA9465FFC2DD" markedGenerate="true"/>
      <object objectID="E71F59B8-BC6F-8AA4-7DC2-6CA52D6494C5" markedGenerate="true"/>
      <object objectID="FAD78574-5868-7C70-6E0A-4DB9C8D81EFB" markedGenerate="true"/>
      <object objectID="47E390DE-0671-C4B1-8428-0F45CBEE18F8" markedGenerate="true"/>
      <object objectID="F72C39E0-D1CA-8821-2AD7-A1E95A37D3D1" markedGenerate="true"/>
   </oracle.dbtools.crest.model.design.relational.RelationalDesign>
   <includeTableScripts/>
   <namesSubstitution/>
   <objectTypes>
      <objectType isSelected="false" type="Index"/>
      <objectType isSelected="false" type="Role"/>
      <objectType isSelected="false" type="Table"/>
      <objectType isSelected="false" type="Tablespace"/>
      <objectType isSelected="false" type="User"/>
   </objectTypes>
   <OSDDM_DDLPP>
      <db2_term_char db2_term_char=" "/>
      <type_subst_triggers isSelected="true"/>
      <fkarct_triggers isSelected="true"/>
      <fk_none_transferable_triggers isSelected="true"/>
      <show_char_byte_in_ddl isSelected="true"/>
      <extended_size_for_chars isSelected="false"/>
      <not_null_short_form_generation isSelected="false"/>
      <use_quoted_identifiers isSelected="false"/>
      <create_domains_during_import isSelected="true"/>
      <generate_comments_in_rdbms isSelected="true"/>
      <generate_inline_column_cc isSelected="false"/>
      <generate_valid_value_cc isSelected="true"/>
      <include_default_settings_in_ddl isSelected="false"/>
      <include_logging_in_ddl isSelected="true"/>
      <include_schema_in_ddl isSelected="true"/>
      <include_storage_in_ddl isSelected="true"/>
      <include_tablespace_in_ddl isSelected="true"/>
      <automatic_pk_generation isSelected="false"/>
      <automatic_uk_generation isSelected="false"/>
      <automatic_fk_generation isSelected="false"/>
      <include_pctfree_in_ddl isSelected="true"/>
      <include_pctused_in_ddl isSelected="true"/>
      <include_initrans_in_ddl isSelected="true"/>
      <include_initialextent_in_ddl isSelected="true"/>
      <include_nextextent_in_ddl isSelected="true"/>
      <include_minextents_in_ddl isSelected="true"/>
      <include_maxextents_in_ddl isSelected="true"/>
      <include_pctincrease_in_ddl isSelected="true"/>
      <include_bufferpool_in_ddl isSelected="true"/>
      <include_freelists_in_ddl isSelected="true"/>
      <include_freelistgroups_in_ddl isSelected="true"/>
      <include_optimal_in_ddl isSelected="true"/>
   </OSDDM_DDLPP>
   <dropSelection>
      <dropGeneratedObjectsOnly isSelected="true"/>
      <useDropDependencies isSelected="true"/>
      <dropableObject name="Tables" isSelected="false"/>
      <dropableObject name="Indexes" isSelected="false"/>
      <dropableObject name="Views" isSelected="false"/>
      <dropableObject name="Foreign Keys" isSelected="false"/>
   </dropSelection>
</DatamodelerPersistedDDLSelection>
