<?xml version = '1.0' encoding = 'UTF-8'?>
<FKIndexAssociation class="oracle.dbtools.crest.model.design.relational.FKIndexAssociation" directorySegmentName="seg_0" id="74A30733-700D-BD81-C443-9E5290F08E82" containerWithKeyObject="A1CD8D9F-68BC-295F-BA8A-41DDC1B5B712" localFKIndex="FAD78574-5868-7C70-6E0A-4DB9C8D81EFB" name="Transactions_Patrons_FK">
<createdBy>reimu</createdBy>
<createdTime>2022-09-22 07:20:01 UTC</createdTime>
<generatorID>1DAE6DE9-B47B-486F-96AB-741A96E3A8F1</generatorID>
<ownerDesignName>HW1_proj</ownerDesignName>
<referredTableLongName>Patrons</referredTableLongName>
<deleteRule>NO ACTION</deleteRule>
<referredTableID>185A78F0-BA77-AD1B-180A-01F166F09419</referredTableID>
<keyObject>B3EB61ED-CC0C-D6C7-EA5F-669F8CB444D9</keyObject>
<referredKeyID>B3EB61ED-CC0C-D6C7-EA5F-669F8CB444D9</referredKeyID>
<mandatory>true</mandatory>
<refColNames>patron_id</refColNames>
<transferable>true</transferable>
<rely>false</rely>
<columnDependencyConstraintGenerateInDDL>true</columnDependencyConstraintGenerateInDDL>
</FKIndexAssociation>
