<?xml version = '1.0' encoding = 'UTF-8'?>
<FKIndexAssociation class="oracle.dbtools.crest.model.design.relational.FKIndexAssociation" directorySegmentName="seg_0" id="A060A592-3A76-DC1F-EDD3-7D4F69559407" containerWithKeyObject="A1CD8D9F-68BC-295F-BA8A-41DDC1B5B712" localFKIndex="E71F59B8-BC6F-8AA4-7DC2-6CA52D6494C5" name="Transactions_Books_FK">
<createdBy>reimu</createdBy>
<createdTime>2022-09-22 07:20:01 UTC</createdTime>
<generatorID>BEC65530-19D4-3C36-E41B-6AA4BD450020</generatorID>
<ownerDesignName>HW1_proj</ownerDesignName>
<referredTableLongName>Books</referredTableLongName>
<deleteRule>NO ACTION</deleteRule>
<referredTableID>BBD5D544-A397-1B39-CB65-637BAEE9BAF0</referredTableID>
<keyObject>8EEABB5A-0F93-620F-8080-5E4A3184F4CF</keyObject>
<referredKeyID>8EEABB5A-0F93-620F-8080-5E4A3184F4CF</referredKeyID>
<mandatory>true</mandatory>
<refColNames>book_id</refColNames>
<transferable>true</transferable>
<rely>false</rely>
<columnDependencyConstraintGenerateInDDL>true</columnDependencyConstraintGenerateInDDL>
</FKIndexAssociation>
