<?xml version = '1.0' encoding = 'UTF-8'?>
<Diagram class="oracle.dbtools.crest.swingui.relational.DPVRelational" name="Relational_1" id="DDE433D1-EE58-7160-1EC6-E5AE03323360">
<createdBy>reimu</createdBy>
<modifiedBy>reimu</modifiedBy>
<createdTime>2022-09-22 07:13:37 UTC</createdTime>
<autoRoute>false</autoRoute>
<boxInbox>true</boxInbox>
<showLegend>false</showLegend>
<showLabels>false</showLabels>
<showRelAttributes>false</showRelAttributes>
<gridEnabled>false</gridEnabled>
<showGrid>false</showGrid>
<diagramColor>-1</diagramColor>
<display>false</display>
<notation>1</notation>
<objectViews>
<OView class="oracle.dbtools.crest.swingui.relational.TVTable" oid="185A78F0-BA77-AD1B-180A-01F166F09419" otype="Table" vid="13A0E715-BAF0-3639-1D82-CE124D55C73A">
<hideElementsInCurrentOnly>false</hideElementsInCurrentOnly>
<bounds x="445" y="169" width="212" height="186"/>
</OView>
<OView class="oracle.dbtools.crest.swingui.TVNote" oid="9850D5B3-5EC7-1739-6C1C-B38492E26878" otype="Note" vid="E946A86B-44CF-5430-A3A4-4A741D5E00AC">
<hideElementsInCurrentOnly>false</hideElementsInCurrentOnly>
<bounds x="647" y="418" width="201" height="83"/>
<comment>ruojia zhang
roger_zhang@gwu.edu</comment>
</OView>
<OView class="oracle.dbtools.crest.swingui.relational.TVTable" oid="A1CD8D9F-68BC-295F-BA8A-41DDC1B5B712" otype="Table" vid="308F43E0-879B-A59F-9A39-2D11802FDA00">
<hideElementsInCurrentOnly>false</hideElementsInCurrentOnly>
<bounds x="322" y="397" width="200" height="134"/>
</OView>
<OView class="oracle.dbtools.crest.swingui.relational.TVTable" oid="BBD5D544-A397-1B39-CB65-637BAEE9BAF0" otype="Table" vid="EFD2E446-3556-37FF-A21F-4C568D277DED">
<hideElementsInCurrentOnly>false</hideElementsInCurrentOnly>
<bounds x="166" y="163" width="213" height="194"/>
</OView>
</objectViews>
<connectors>
<Connector class="oracle.dbtools.crest.swingui.relational.TVFKRelation" oid="74A30733-700D-BD81-C443-9E5290F08E82" otype="FKIndexAssociation" vid_source="13A0E715-BAF0-3639-1D82-CE124D55C73A" vid_target="308F43E0-879B-A59F-9A39-2D11802FDA00">
<hideElementsInCurrentOnly>false</hideElementsInCurrentOnly>
<backgroundColor>-16777216</backgroundColor>
<lineWidth>1</lineWidth>
<points>
<point x="483" y="355"/>
<point x="483" y="397"/>
</points>
</Connector>
<Connector class="oracle.dbtools.crest.swingui.relational.TVFKRelation" oid="A060A592-3A76-DC1F-EDD3-7D4F69559407" otype="FKIndexAssociation" vid_source="EFD2E446-3556-37FF-A21F-4C568D277DED" vid_target="308F43E0-879B-A59F-9A39-2D11802FDA00">
<hideElementsInCurrentOnly>false</hideElementsInCurrentOnly>
<backgroundColor>-16777216</backgroundColor>
<lineWidth>1</lineWidth>
<points>
<point x="350" y="357"/>
<point x="350" y="397"/>
</points>
</Connector>
</connectors>
</Diagram>
