<?xml version = '1.0' encoding = 'UTF-8'?>
<Entity class="oracle.dbtools.crest.model.design.logical.Entity" directorySegmentName="seg_0" id="2C3B37EA-9447-B4F7-C342-401ADE9BBED9" name="Patrons">
<createdBy>reimu</createdBy>
<createdTime>2022-09-22 07:06:51 UTC</createdTime>
<ownerDesignName>HW1_proj</ownerDesignName>
<engineerTo>
<item key="1B13C3BF-B27D-4516-354D-80DCEA27DFA4" value="true"/>
</engineerTo>
<adequatelyNormalized>NO</adequatelyNormalized>
<expectedVolumes>0</expectedVolumes>
<fwdEngineeringStrategyName>Single Table</fwdEngineeringStrategyName>
<growthPercent>0</growthPercent>
<growthType>Year</growthType>
<maxVolumes>9999999</maxVolumes>
<minVolumes>0</minVolumes>
<normalForm>Third</normalForm>
<attributes itemClass="oracle.dbtools.crest.model.design.logical.Attribute">
<Attribute name="patron_id" id="2E62E66B-22F4-A10A-18BC-67E388FD34C2">
<createdBy>reimu</createdBy>
<createdTime>2022-09-22 07:07:03 UTC</createdTime>
<ownerDesignName>HW1_proj</ownerDesignName>
<engineerTo>
<item key="1B13C3BF-B27D-4516-354D-80DCEA27DFA4" value="true"/>
</engineerTo>
<use>0</use>
<logicalDatatype>LOGDT019</logicalDatatype>
<domain>96C20CB8-FCDB-254D-C56E-46B921689A6B</domain>
<ownDataTypeParameters>,,</ownDataTypeParameters>
</Attribute>
<Attribute name="last_name" id="80931206-EDA9-8BEC-445B-0746A2C360F2">
<createdBy>reimu</createdBy>
<createdTime>2022-09-22 07:07:23 UTC</createdTime>
<ownerDesignName>HW1_proj</ownerDesignName>
<engineerTo>
<item key="1B13C3BF-B27D-4516-354D-80DCEA27DFA4" value="true"/>
</engineerTo>
<use>0</use>
<logicalDatatype>LOGDT024</logicalDatatype>
<domain>AE7A0007-E6C8-C6EB-E4A5-D3892C21E2C0</domain>
<ownDataTypeParameters>,,</ownDataTypeParameters>
</Attribute>
<Attribute name="first_name" id="0E596C2D-C1C8-9489-8D73-71FC2C1FC51D">
<createdBy>reimu</createdBy>
<createdTime>2022-09-22 07:07:34 UTC</createdTime>
<ownerDesignName>HW1_proj</ownerDesignName>
<engineerTo>
<item key="1B13C3BF-B27D-4516-354D-80DCEA27DFA4" value="true"/>
</engineerTo>
<nullsAllowed>true</nullsAllowed>
<use>0</use>
<logicalDatatype>LOGDT024</logicalDatatype>
<domain>AE7A0007-E6C8-C6EB-E4A5-D3892C21E2C0</domain>
<ownDataTypeParameters>,,</ownDataTypeParameters>
</Attribute>
<Attribute name="street_address" id="CC2F7EB7-3F10-167E-E6FC-CBCFC6DDBB8E">
<createdBy>reimu</createdBy>
<createdTime>2022-09-22 07:07:46 UTC</createdTime>
<ownerDesignName>HW1_proj</ownerDesignName>
<engineerTo>
<item key="1B13C3BF-B27D-4516-354D-80DCEA27DFA4" value="true"/>
</engineerTo>
<nullsAllowed>true</nullsAllowed>
<use>0</use>
<logicalDatatype>LOGDT024</logicalDatatype>
<domain>63B782C7-6285-0E63-BED3-39380175C3A4</domain>
<ownDataTypeParameters>,,</ownDataTypeParameters>
</Attribute>
<Attribute name="city" id="3991DA69-3C4C-20B7-3F4F-492A94818510">
<createdBy>reimu</createdBy>
<createdTime>2022-09-22 07:07:58 UTC</createdTime>
<ownerDesignName>HW1_proj</ownerDesignName>
<engineerTo>
<item key="1B13C3BF-B27D-4516-354D-80DCEA27DFA4" value="true"/>
</engineerTo>
<nullsAllowed>true</nullsAllowed>
<use>0</use>
<logicalDatatype>LOGDT024</logicalDatatype>
<domain>272FAAEC-3C2A-C060-66A7-18B988301FE0</domain>
<ownDataTypeParameters>,,</ownDataTypeParameters>
</Attribute>
<Attribute name="state" id="D0DE8E96-7A2E-C0A2-95B5-6B1CA7DC90F0">
<createdBy>reimu</createdBy>
<createdTime>2022-09-22 07:08:06 UTC</createdTime>
<ownerDesignName>HW1_proj</ownerDesignName>
<engineerTo>
<item key="1B13C3BF-B27D-4516-354D-80DCEA27DFA4" value="true"/>
</engineerTo>
<nullsAllowed>true</nullsAllowed>
<use>0</use>
<logicalDatatype>LOGDT024</logicalDatatype>
<domain>15E78D3B-B9BE-5A32-A3E9-5F1916C8244B</domain>
<ownDataTypeParameters>,,</ownDataTypeParameters>
</Attribute>
<Attribute name="zip" id="E3D170AF-FEF4-BAAC-7D40-66F5A3FB501D">
<createdBy>reimu</createdBy>
<createdTime>2022-09-22 07:08:25 UTC</createdTime>
<ownerDesignName>HW1_proj</ownerDesignName>
<engineerTo>
<item key="1B13C3BF-B27D-4516-354D-80DCEA27DFA4" value="true"/>
</engineerTo>
<nullsAllowed>true</nullsAllowed>
<use>0</use>
<logicalDatatype>LOGDT024</logicalDatatype>
<domain>12640F29-A75D-5774-A336-BBC7B6BEC903</domain>
<ownDataTypeParameters>,,</ownDataTypeParameters>
</Attribute>
<Attribute name="location" id="58908C36-F7FA-42FB-C604-263BB2A44C1F">
<createdBy>reimu</createdBy>
<createdTime>2022-09-22 07:08:31 UTC</createdTime>
<ownerDesignName>HW1_proj</ownerDesignName>
<engineerTo>
<item key="1B13C3BF-B27D-4516-354D-80DCEA27DFA4" value="true"/>
</engineerTo>
<nullsAllowed>true</nullsAllowed>
<useDomainConstraints>false</useDomainConstraints>
<use>3</use>
<structuredType>47E390DE-0671-C4B1-8428-0F45CBEE18F8</structuredType>
<ownDataTypeParameters>,,</ownDataTypeParameters>
</Attribute>
</attributes>
<identifiers itemClass="oracle.dbtools.crest.model.design.logical.CandidateKey">
<identifier id="E96D050F-2A80-2925-17F7-FD3287A62673" name="Patrons PK">
<createdBy>reimu</createdBy>
<createdTime>2022-09-22 07:07:22 UTC</createdTime>
<ownerDesignName>HW1_proj</ownerDesignName>
<engineerTo>
<item key="1B13C3BF-B27D-4516-354D-80DCEA27DFA4" value="true"/>
</engineerTo>
<pk>true</pk>
<usedAttributes>
<attributeRef>2E62E66B-22F4-A10A-18BC-67E388FD34C2</attributeRef>
</usedAttributes>
</identifier>
</identifiers>
</Entity>
