<?xml version = '1.0' encoding = 'UTF-8'?>
<Entity class="oracle.dbtools.crest.model.design.logical.Entity" directorySegmentName="seg_0" id="765A3820-FEF1-C631-ABD5-98D9932B2656" name="Books">
<createdBy>reimu</createdBy>
<createdTime>2022-09-22 07:05:09 UTC</createdTime>
<ownerDesignName>HW1_proj</ownerDesignName>
<engineerTo>
<item key="1B13C3BF-B27D-4516-354D-80DCEA27DFA4" value="true"/>
</engineerTo>
<adequatelyNormalized>NO</adequatelyNormalized>
<expectedVolumes>0</expectedVolumes>
<fwdEngineeringStrategyName>Single Table</fwdEngineeringStrategyName>
<growthPercent>0</growthPercent>
<growthType>Year</growthType>
<maxVolumes>9999999</maxVolumes>
<minVolumes>0</minVolumes>
<normalForm>Third</normalForm>
<attributes itemClass="oracle.dbtools.crest.model.design.logical.Attribute">
<Attribute name="book_id" id="307F9C48-8ECA-6A8D-9AFE-F40D25EAF7F6">
<createdBy>reimu</createdBy>
<createdTime>2022-09-22 07:05:20 UTC</createdTime>
<ownerDesignName>HW1_proj</ownerDesignName>
<engineerTo>
<item key="1B13C3BF-B27D-4516-354D-80DCEA27DFA4" value="true"/>
</engineerTo>
<use>0</use>
<logicalDatatype>LOGDT024</logicalDatatype>
<domain>A0364EBC-BE2F-181C-0B43-4DEC6215ED7C</domain>
<ownDataTypeParameters>,,</ownDataTypeParameters>
</Attribute>
<Attribute name="title" id="99F1FB5B-AAE6-0859-7718-D946632A812C">
<createdBy>reimu</createdBy>
<createdTime>2022-09-22 07:05:29 UTC</createdTime>
<ownerDesignName>HW1_proj</ownerDesignName>
<engineerTo>
<item key="1B13C3BF-B27D-4516-354D-80DCEA27DFA4" value="true"/>
</engineerTo>
<use>0</use>
<logicalDatatype>LOGDT024</logicalDatatype>
<domain>EE2096E9-5368-42BC-0CDB-D355F9631FE7</domain>
<ownDataTypeParameters>,,</ownDataTypeParameters>
</Attribute>
<Attribute name="author_last_name" id="B99F9153-E803-E83B-5D29-0472DA7C5E4D">
<createdBy>reimu</createdBy>
<createdTime>2022-09-22 07:05:37 UTC</createdTime>
<ownerDesignName>HW1_proj</ownerDesignName>
<engineerTo>
<item key="1B13C3BF-B27D-4516-354D-80DCEA27DFA4" value="true"/>
</engineerTo>
<use>0</use>
<logicalDatatype>LOGDT024</logicalDatatype>
<domain>AE7A0007-E6C8-C6EB-E4A5-D3892C21E2C0</domain>
<ownDataTypeParameters>,,</ownDataTypeParameters>
</Attribute>
<Attribute name="author_first_name" id="6CAE0EA4-14ED-A842-175F-E73391B3E701">
<createdBy>reimu</createdBy>
<createdTime>2022-09-22 07:05:53 UTC</createdTime>
<ownerDesignName>HW1_proj</ownerDesignName>
<engineerTo>
<item key="1B13C3BF-B27D-4516-354D-80DCEA27DFA4" value="true"/>
</engineerTo>
<nullsAllowed>true</nullsAllowed>
<use>0</use>
<logicalDatatype>LOGDT024</logicalDatatype>
<domain>AE7A0007-E6C8-C6EB-E4A5-D3892C21E2C0</domain>
<ownDataTypeParameters>,,</ownDataTypeParameters>
</Attribute>
<Attribute name="rating" id="DB417F1F-B77A-138C-1888-2446DA3F3138">
<createdBy>reimu</createdBy>
<createdTime>2022-09-22 07:06:05 UTC</createdTime>
<ownerDesignName>HW1_proj</ownerDesignName>
<engineerTo>
<item key="1B13C3BF-B27D-4516-354D-80DCEA27DFA4" value="true"/>
</engineerTo>
<nullsAllowed>true</nullsAllowed>
<useDomainConstraints>false</useDomainConstraints>
<use>1</use>
<logicalDatatype>LOGDT019</logicalDatatype>
<dataTypePrecision>2</dataTypePrecision>
<ownDataTypeParameters>,2,</ownDataTypeParameters>
</Attribute>
</attributes>
<identifiers itemClass="oracle.dbtools.crest.model.design.logical.CandidateKey">
<identifier id="95DC18BC-E4F2-33F0-B6E1-F7E010130330" name="Books PK">
<createdBy>reimu</createdBy>
<createdTime>2022-09-22 07:05:27 UTC</createdTime>
<ownerDesignName>HW1_proj</ownerDesignName>
<engineerTo>
<item key="1B13C3BF-B27D-4516-354D-80DCEA27DFA4" value="true"/>
</engineerTo>
<pk>true</pk>
<usedAttributes>
<attributeRef>307F9C48-8ECA-6A8D-9AFE-F40D25EAF7F6</attributeRef>
</usedAttributes>
</identifier>
</identifiers>
</Entity>
