<?xml version = '1.0' encoding = 'UTF-8'?>
<Entity class="oracle.dbtools.crest.model.design.logical.Entity" directorySegmentName="seg_0" id="E502D34C-B962-8080-21A3-A9406CB06E70" name="Transactions">
<createdBy>reimu</createdBy>
<createdTime>2022-09-22 07:09:02 UTC</createdTime>
<ownerDesignName>HW1_proj</ownerDesignName>
<engineerTo>
<item key="1B13C3BF-B27D-4516-354D-80DCEA27DFA4" value="true"/>
</engineerTo>
<adequatelyNormalized>NO</adequatelyNormalized>
<expectedVolumes>0</expectedVolumes>
<fwdEngineeringStrategyName>Single Table</fwdEngineeringStrategyName>
<growthPercent>0</growthPercent>
<growthType>Year</growthType>
<maxVolumes>9999999</maxVolumes>
<minVolumes>0</minVolumes>
<normalForm>Third</normalForm>
<attributes itemClass="oracle.dbtools.crest.model.design.logical.Attribute">
<Attribute name="transaction_id" id="30DEF42C-0890-80C6-0A33-9E13782C84E8">
<createdBy>reimu</createdBy>
<createdTime>2022-09-22 07:09:19 UTC</createdTime>
<ownerDesignName>HW1_proj</ownerDesignName>
<engineerTo>
<item key="1B13C3BF-B27D-4516-354D-80DCEA27DFA4" value="true"/>
</engineerTo>
<use>0</use>
<logicalDatatype>LOGDT019</logicalDatatype>
<domain>96C20CB8-FCDB-254D-C56E-46B921689A6B</domain>
<ownDataTypeParameters>,,</ownDataTypeParameters>
</Attribute>
<Attribute name="transaction_date" id="6DE94071-395D-EB25-EB5E-1CBE2E5C7791">
<createdBy>reimu</createdBy>
<createdTime>2022-09-22 07:09:34 UTC</createdTime>
<ownerDesignName>HW1_proj</ownerDesignName>
<engineerTo>
<item key="1B13C3BF-B27D-4516-354D-80DCEA27DFA4" value="true"/>
</engineerTo>
<useDomainConstraints>false</useDomainConstraints>
<use>1</use>
<logicalDatatype>LOGDT008</logicalDatatype>
<ownDataTypeParameters>,,</ownDataTypeParameters>
</Attribute>
<Attribute name="transaction_type" id="B98B1DF6-3527-964E-0DEC-3FE946F49C7F">
<createdBy>reimu</createdBy>
<createdTime>2022-09-22 07:09:53 UTC</createdTime>
<ownerDesignName>HW1_proj</ownerDesignName>
<engineerTo>
<item key="1B13C3BF-B27D-4516-354D-80DCEA27DFA4" value="true"/>
</engineerTo>
<use>0</use>
<logicalDatatype>LOGDT019</logicalDatatype>
<domain>96C20CB8-FCDB-254D-C56E-46B921689A6B</domain>
<ownDataTypeParameters>,,</ownDataTypeParameters>
</Attribute>
<Attribute name="book_id" id="034F97A4-2480-F0EF-031F-A5E2000E5FB7">
<createdBy>reimu</createdBy>
<createdTime>2022-09-22 07:12:01 UTC</createdTime>
<generatorID>BEC65530-19D4-3C36-E41B-6AA4BD450020</generatorID>
<ownerDesignName>HW1_proj</ownerDesignName>
<engineerTo>
<item key="1B13C3BF-B27D-4516-354D-80DCEA27DFA4" value="true"/>
</engineerTo>
<referedAttribute>307F9C48-8ECA-6A8D-9AFE-F40D25EAF7F6</referedAttribute>
<use>0</use>
<logicalDatatype>LOGDT024</logicalDatatype>
<domain>A0364EBC-BE2F-181C-0B43-4DEC6215ED7C</domain>
<ownDataTypeParameters>,,</ownDataTypeParameters>
</Attribute>
<Attribute name="patron_id" id="60CAF708-9106-F65B-B069-D3346C8587E2">
<createdBy>reimu</createdBy>
<createdTime>2022-09-22 07:12:24 UTC</createdTime>
<generatorID>1DAE6DE9-B47B-486F-96AB-741A96E3A8F1</generatorID>
<ownerDesignName>HW1_proj</ownerDesignName>
<engineerTo>
<item key="1B13C3BF-B27D-4516-354D-80DCEA27DFA4" value="true"/>
</engineerTo>
<referedAttribute>2E62E66B-22F4-A10A-18BC-67E388FD34C2</referedAttribute>
<use>0</use>
<logicalDatatype>LOGDT019</logicalDatatype>
<domain>96C20CB8-FCDB-254D-C56E-46B921689A6B</domain>
<ownDataTypeParameters>,,</ownDataTypeParameters>
</Attribute>
</attributes>
<identifiers itemClass="oracle.dbtools.crest.model.design.logical.CandidateKey">
<identifier id="75545753-F5F6-AE89-1D31-209014D3610C" name="Transactions PK">
<createdBy>reimu</createdBy>
<createdTime>2022-09-22 07:09:33 UTC</createdTime>
<ownerDesignName>HW1_proj</ownerDesignName>
<engineerTo>
<item key="1B13C3BF-B27D-4516-354D-80DCEA27DFA4" value="true"/>
</engineerTo>
<pk>true</pk>
<usedAttributes>
<attributeRef>30DEF42C-0890-80C6-0A33-9E13782C84E8</attributeRef>
</usedAttributes>
</identifier>
</identifiers>
</Entity>
