<?xml version = '1.0' encoding = 'UTF-8'?>
<Relation class="oracle.dbtools.crest.model.design.logical.Relation" name="Relation_2" directorySegmentName="seg_0" id="1DAE6DE9-B47B-486F-96AB-741A96E3A8F1">
<createdBy>reimu</createdBy>
<createdTime>2022-09-22 07:12:24 UTC</createdTime>
<ownerDesignName>HW1_proj</ownerDesignName>
<engineerTo>
<item key="1B13C3BF-B27D-4516-354D-80DCEA27DFA4" value="true"/>
</engineerTo>
<sourcePk>E96D050F-2A80-2925-17F7-FD3287A62673</sourcePk>
<identifying>false</identifying>
<optionalSource>true</optionalSource>
<optionalTarget>false</optionalTarget>
<sourceCardinality>1</sourceCardinality>
<sourceEntity>2C3B37EA-9447-B4F7-C342-401ADE9BBED9</sourceEntity>
<targetCardinalityString>*</targetCardinalityString>
<targetEntity>E502D34C-B962-8080-21A3-A9406CB06E70</targetEntity>
<transferable>true</transferable>
<deleteRule>NO ACTION</deleteRule>
</Relation>