<?xml version = '1.0' encoding = 'UTF-8'?>
<Relation class="oracle.dbtools.crest.model.design.logical.Relation" name="Library (relational)" directorySegmentName="seg_0" id="BEC65530-19D4-3C36-E41B-6AA4BD450020">
<createdBy>reimu</createdBy>
<createdTime>2022-09-22 07:12:01 UTC</createdTime>
<ownerDesignName>HW1_proj</ownerDesignName>
<engineerTo>
<item key="1B13C3BF-B27D-4516-354D-80DCEA27DFA4" value="true"/>
</engineerTo>
<sourcePk>95DC18BC-E4F2-33F0-B6E1-F7E010130330</sourcePk>
<identifying>false</identifying>
<optionalSource>true</optionalSource>
<optionalTarget>false</optionalTarget>
<sourceCardinality>1</sourceCardinality>
<sourceEntity>765A3820-FEF1-C631-ABD5-98D9932B2656</sourceEntity>
<targetCardinalityString>*</targetCardinalityString>
<targetEntity>E502D34C-B962-8080-21A3-A9406CB06E70</targetEntity>
<transferable>true</transferable>
<deleteRule>NO ACTION</deleteRule>
</Relation>
