<?xml version = '1.0' encoding = 'UTF-8'?>
<Table class="oracle.dbtools.crest.model.design.relational.Table" directorySegmentName="seg_0" id="185A78F0-BA77-AD1B-180A-01F166F09419" name="Patrons">
<createdBy>reimu</createdBy>
<createdTime>2022-09-22 07:20:01 UTC</createdTime>
<generatorID>2C3B37EA-9447-B4F7-C342-401ADE9BBED9</generatorID>
<ownerDesignName>HW1_proj</ownerDesignName>
<allowColumnReorder>false</allowColumnReorder>
<existDependencyGenerateInDDl>true</existDependencyGenerateInDDl>
<parsed>true</parsed>
<columns itemClass="oracle.dbtools.crest.model.design.relational.Column">
<Column name="patron_id" id="B7DC2182-B97F-825A-F724-D1402AEC4A73">
<createdBy>reimu</createdBy>
<createdTime>2022-09-22 07:20:01 UTC</createdTime>
<generatorID>2E62E66B-22F4-A10A-18BC-67E388FD34C2</generatorID>
<ownerDesignName>HW1_proj</ownerDesignName>
<use>0</use>
<logicalDatatype>LOGDT019</logicalDatatype>
<domain>96C20CB8-FCDB-254D-C56E-46B921689A6B</domain>
<ownDataTypeParameters>,,</ownDataTypeParameters>
<autoIncrementCycle>false</autoIncrementCycle>
</Column>
<Column name="last_name" id="60062BDC-C7BF-D43F-E22A-9689D5B9850E">
<createdBy>reimu</createdBy>
<createdTime>2022-09-22 07:20:01 UTC</createdTime>
<generatorID>80931206-EDA9-8BEC-445B-0746A2C360F2</generatorID>
<ownerDesignName>HW1_proj</ownerDesignName>
<use>0</use>
<logicalDatatype>LOGDT024</logicalDatatype>
<domain>AE7A0007-E6C8-C6EB-E4A5-D3892C21E2C0</domain>
<ownDataTypeParameters>,,</ownDataTypeParameters>
<autoIncrementCycle>false</autoIncrementCycle>
</Column>
<Column name="first_name" id="EEFE3E90-7803-75D1-B956-98D50218A20C">
<createdBy>reimu</createdBy>
<createdTime>2022-09-22 07:20:01 UTC</createdTime>
<generatorID>0E596C2D-C1C8-9489-8D73-71FC2C1FC51D</generatorID>
<ownerDesignName>HW1_proj</ownerDesignName>
<nullsAllowed>true</nullsAllowed>
<use>0</use>
<logicalDatatype>LOGDT024</logicalDatatype>
<domain>AE7A0007-E6C8-C6EB-E4A5-D3892C21E2C0</domain>
<ownDataTypeParameters>,,</ownDataTypeParameters>
<autoIncrementCycle>false</autoIncrementCycle>
</Column>
<Column name="street_address" id="6D171BC2-59C4-8E23-D6BE-979BF69033D4">
<createdBy>reimu</createdBy>
<createdTime>2022-09-22 07:20:01 UTC</createdTime>
<generatorID>CC2F7EB7-3F10-167E-E6FC-CBCFC6DDBB8E</generatorID>
<ownerDesignName>HW1_proj</ownerDesignName>
<nullsAllowed>true</nullsAllowed>
<use>0</use>
<logicalDatatype>LOGDT024</logicalDatatype>
<domain>63B782C7-6285-0E63-BED3-39380175C3A4</domain>
<ownDataTypeParameters>,,</ownDataTypeParameters>
<autoIncrementCycle>false</autoIncrementCycle>
</Column>
<Column name="city" id="5C0B3529-275A-E040-57DA-D0FDFAD8389D">
<createdBy>reimu</createdBy>
<createdTime>2022-09-22 07:20:01 UTC</createdTime>
<generatorID>3991DA69-3C4C-20B7-3F4F-492A94818510</generatorID>
<ownerDesignName>HW1_proj</ownerDesignName>
<nullsAllowed>true</nullsAllowed>
<use>0</use>
<logicalDatatype>LOGDT024</logicalDatatype>
<domain>272FAAEC-3C2A-C060-66A7-18B988301FE0</domain>
<ownDataTypeParameters>,,</ownDataTypeParameters>
<autoIncrementCycle>false</autoIncrementCycle>
</Column>
<Column name="state" id="27E3CB09-91B9-6683-E833-4827DB6AD383">
<createdBy>reimu</createdBy>
<createdTime>2022-09-22 07:20:01 UTC</createdTime>
<generatorID>D0DE8E96-7A2E-C0A2-95B5-6B1CA7DC90F0</generatorID>
<ownerDesignName>HW1_proj</ownerDesignName>
<nullsAllowed>true</nullsAllowed>
<use>0</use>
<logicalDatatype>LOGDT024</logicalDatatype>
<domain>15E78D3B-B9BE-5A32-A3E9-5F1916C8244B</domain>
<ownDataTypeParameters>,,</ownDataTypeParameters>
<autoIncrementCycle>false</autoIncrementCycle>
</Column>
<Column name="zip" id="4FEBF8FB-FD22-5CE1-7FED-6469C8363CCF">
<createdBy>reimu</createdBy>
<createdTime>2022-09-22 07:20:01 UTC</createdTime>
<generatorID>E3D170AF-FEF4-BAAC-7D40-66F5A3FB501D</generatorID>
<ownerDesignName>HW1_proj</ownerDesignName>
<nullsAllowed>true</nullsAllowed>
<use>0</use>
<logicalDatatype>LOGDT024</logicalDatatype>
<domain>12640F29-A75D-5774-A336-BBC7B6BEC903</domain>
<ownDataTypeParameters>,,</ownDataTypeParameters>
<autoIncrementCycle>false</autoIncrementCycle>
</Column>
<Column name="location" id="1C84811E-834E-57F8-F1AF-3306B8FA782A">
<createdBy>reimu</createdBy>
<createdTime>2022-09-22 07:20:01 UTC</createdTime>
<generatorID>58908C36-F7FA-42FB-C604-263BB2A44C1F</generatorID>
<ownerDesignName>HW1_proj</ownerDesignName>
<nullsAllowed>true</nullsAllowed>
<useDomainConstraints>false</useDomainConstraints>
<use>3</use>
<structuredType>47E390DE-0671-C4B1-8428-0F45CBEE18F8</structuredType>
<ownDataTypeParameters>,,</ownDataTypeParameters>
<autoIncrementCycle>false</autoIncrementCycle>
</Column>
</columns>
<indexes itemClass="oracle.dbtools.crest.model.design.relational.Index">
<ind_PK_UK id="B3EB61ED-CC0C-D6C7-EA5F-669F8CB444D9" name="Patrons_PK">
<createdBy>reimu</createdBy>
<createdTime>2022-09-22 07:20:01 UTC</createdTime>
<generatorID>E96D050F-2A80-2925-17F7-FD3287A62673</generatorID>
<ownerDesignName>HW1_proj</ownerDesignName>
<pk>true</pk>
<indexState>Primary Constraint</indexState>
<isSurrogateKey>false</isSurrogateKey>
<indexColumnUsage>
<colUsage columnID="B7DC2182-B97F-825A-F724-D1402AEC4A73"/>
</indexColumnUsage>
</ind_PK_UK>
</indexes>
</Table>
