<?xml version = '1.0' encoding = 'UTF-8'?>
<Table class="oracle.dbtools.crest.model.design.relational.Table" directorySegmentName="seg_0" id="A1CD8D9F-68BC-295F-BA8A-41DDC1B5B712" name="Transactions">
<createdBy>reimu</createdBy>
<createdTime>2022-09-22 07:20:01 UTC</createdTime>
<generatorID>E502D34C-B962-8080-21A3-A9406CB06E70</generatorID>
<ownerDesignName>HW1_proj</ownerDesignName>
<allowColumnReorder>false</allowColumnReorder>
<existDependencyGenerateInDDl>true</existDependencyGenerateInDDl>
<parsed>true</parsed>
<columns itemClass="oracle.dbtools.crest.model.design.relational.Column">
<Column name="transaction_id" id="C6721AB6-8678-163E-D4D5-2310D781DB3C">
<createdBy>reimu</createdBy>
<createdTime>2022-09-22 07:20:01 UTC</createdTime>
<generatorID>30DEF42C-0890-80C6-0A33-9E13782C84E8</generatorID>
<ownerDesignName>HW1_proj</ownerDesignName>
<use>0</use>
<logicalDatatype>LOGDT019</logicalDatatype>
<domain>96C20CB8-FCDB-254D-C56E-46B921689A6B</domain>
<ownDataTypeParameters>,,</ownDataTypeParameters>
<autoIncrementCycle>false</autoIncrementCycle>
</Column>
<Column name="transaction_date" id="84BB0C5C-2645-0DF1-E1AB-670431F99646">
<createdBy>reimu</createdBy>
<createdTime>2022-09-22 07:20:01 UTC</createdTime>
<generatorID>6DE94071-395D-EB25-EB5E-1CBE2E5C7791</generatorID>
<ownerDesignName>HW1_proj</ownerDesignName>
<useDomainConstraints>false</useDomainConstraints>
<use>1</use>
<logicalDatatype>LOGDT008</logicalDatatype>
<ownDataTypeParameters>,,</ownDataTypeParameters>
<autoIncrementCycle>false</autoIncrementCycle>
</Column>
<Column name="transaction_type" id="9FF0CB2E-FBB6-8A27-A8CF-F4D48A534AB8">
<createdBy>reimu</createdBy>
<createdTime>2022-09-22 07:20:01 UTC</createdTime>
<generatorID>B98B1DF6-3527-964E-0DEC-3FE946F49C7F</generatorID>
<ownerDesignName>HW1_proj</ownerDesignName>
<use>0</use>
<logicalDatatype>LOGDT019</logicalDatatype>
<domain>96C20CB8-FCDB-254D-C56E-46B921689A6B</domain>
<ownDataTypeParameters>,,</ownDataTypeParameters>
<autoIncrementCycle>false</autoIncrementCycle>
</Column>
<Column name="Books_book_id" id="A47D6D6C-AC18-D6E7-502C-2E3EF14FA65D">
<createdBy>reimu</createdBy>
<createdTime>2022-09-22 07:20:01 UTC</createdTime>
<generatorID>034F97A4-2480-F0EF-031F-A5E2000E5FB7</generatorID>
<ownerDesignName>HW1_proj</ownerDesignName>
<use>0</use>
<logicalDatatype>LOGDT024</logicalDatatype>
<domain>A0364EBC-BE2F-181C-0B43-4DEC6215ED7C</domain>
<ownDataTypeParameters>,,</ownDataTypeParameters>
<previousColumn>false</previousColumn>
<autoIncrementCycle>false</autoIncrementCycle>
<associations>
<colAssociation fkAssociation="A060A592-3A76-DC1F-EDD3-7D4F69559407" referredColumn="922D1AB7-E7BE-E441-FC29-38688D1F896D"/>
</associations>
</Column>
<Column name="Patrons_patron_id" id="E883A084-3F4D-A36B-57F4-F07FF7F1BCC4">
<createdBy>reimu</createdBy>
<createdTime>2022-09-22 07:20:01 UTC</createdTime>
<generatorID>60CAF708-9106-F65B-B069-D3346C8587E2</generatorID>
<ownerDesignName>HW1_proj</ownerDesignName>
<use>0</use>
<logicalDatatype>LOGDT019</logicalDatatype>
<domain>96C20CB8-FCDB-254D-C56E-46B921689A6B</domain>
<ownDataTypeParameters>,,</ownDataTypeParameters>
<previousColumn>false</previousColumn>
<autoIncrementCycle>false</autoIncrementCycle>
<associations>
<colAssociation fkAssociation="74A30733-700D-BD81-C443-9E5290F08E82" referredColumn="B7DC2182-B97F-825A-F724-D1402AEC4A73"/>
</associations>
</Column>
</columns>
<indexes itemClass="oracle.dbtools.crest.model.design.relational.Index">
<ind_PK_UK id="228A8F58-ECF8-7DCE-4C7A-EA9465FFC2DD" name="Transactions_PK">
<createdBy>reimu</createdBy>
<createdTime>2022-09-22 07:20:01 UTC</createdTime>
<generatorID>75545753-F5F6-AE89-1D31-209014D3610C</generatorID>
<ownerDesignName>HW1_proj</ownerDesignName>
<pk>true</pk>
<indexState>Primary Constraint</indexState>
<isSurrogateKey>false</isSurrogateKey>
<indexColumnUsage>
<colUsage columnID="C6721AB6-8678-163E-D4D5-2310D781DB3C"/>
</indexColumnUsage>
</ind_PK_UK>
<ind_PK_UK id="E71F59B8-BC6F-8AA4-7DC2-6CA52D6494C5" name="Transactions_Books_FK">
<createdBy>reimu</createdBy>
<createdTime>2022-09-22 07:20:01 UTC</createdTime>
<generatorID>BEC65530-19D4-3C36-E41B-6AA4BD450020</generatorID>
<ownerDesignName>HW1_proj</ownerDesignName>
<indexState>Foreign Key</indexState>
<isSurrogateKey>false</isSurrogateKey>
<indexColumnUsage>
<colUsage columnID="A47D6D6C-AC18-D6E7-502C-2E3EF14FA65D"/>
</indexColumnUsage>
</ind_PK_UK>
<ind_PK_UK id="FAD78574-5868-7C70-6E0A-4DB9C8D81EFB" name="Transactions_Patrons_FK">
<createdBy>reimu</createdBy>
<createdTime>2022-09-22 07:20:01 UTC</createdTime>
<generatorID>1DAE6DE9-B47B-486F-96AB-741A96E3A8F1</generatorID>
<ownerDesignName>HW1_proj</ownerDesignName>
<indexState>Foreign Key</indexState>
<isSurrogateKey>false</isSurrogateKey>
<indexColumnUsage>
<colUsage columnID="E883A084-3F4D-A36B-57F4-F07FF7F1BCC4"/>
</indexColumnUsage>
</ind_PK_UK>
</indexes>
</Table>
