<?xml version = '1.0' encoding = 'UTF-8'?>
<Table class="oracle.dbtools.crest.model.design.relational.Table" directorySegmentName="seg_0" id="BBD5D544-A397-1B39-CB65-637BAEE9BAF0" name="Books">
<createdBy>reimu</createdBy>
<createdTime>2022-09-22 07:20:01 UTC</createdTime>
<generatorID>765A3820-FEF1-C631-ABD5-98D9932B2656</generatorID>
<ownerDesignName>HW1_proj</ownerDesignName>
<allowColumnReorder>false</allowColumnReorder>
<existDependencyGenerateInDDl>true</existDependencyGenerateInDDl>
<parsed>true</parsed>
<columns itemClass="oracle.dbtools.crest.model.design.relational.Column">
<Column name="book_id" id="922D1AB7-E7BE-E441-FC29-38688D1F896D">
<createdBy>reimu</createdBy>
<createdTime>2022-09-22 07:20:01 UTC</createdTime>
<generatorID>307F9C48-8ECA-6A8D-9AFE-F40D25EAF7F6</generatorID>
<ownerDesignName>HW1_proj</ownerDesignName>
<use>0</use>
<logicalDatatype>LOGDT024</logicalDatatype>
<domain>A0364EBC-BE2F-181C-0B43-4DEC6215ED7C</domain>
<ownDataTypeParameters>,,</ownDataTypeParameters>
<autoIncrementCycle>false</autoIncrementCycle>
</Column>
<Column name="title" id="8047C31B-FACD-AC77-6D51-96787E628883">
<createdBy>reimu</createdBy>
<createdTime>2022-09-22 07:20:01 UTC</createdTime>
<generatorID>99F1FB5B-AAE6-0859-7718-D946632A812C</generatorID>
<ownerDesignName>HW1_proj</ownerDesignName>
<use>0</use>
<logicalDatatype>LOGDT024</logicalDatatype>
<domain>EE2096E9-5368-42BC-0CDB-D355F9631FE7</domain>
<ownDataTypeParameters>,,</ownDataTypeParameters>
<autoIncrementCycle>false</autoIncrementCycle>
</Column>
<Column name="author_last_name" id="8343DF05-59BE-C095-C82D-DDAAAD1382E9">
<createdBy>reimu</createdBy>
<createdTime>2022-09-22 07:20:01 UTC</createdTime>
<generatorID>B99F9153-E803-E83B-5D29-0472DA7C5E4D</generatorID>
<ownerDesignName>HW1_proj</ownerDesignName>
<use>0</use>
<logicalDatatype>LOGDT024</logicalDatatype>
<domain>AE7A0007-E6C8-C6EB-E4A5-D3892C21E2C0</domain>
<ownDataTypeParameters>,,</ownDataTypeParameters>
<autoIncrementCycle>false</autoIncrementCycle>
</Column>
<Column name="author_first_name" id="468A8414-E266-1281-75C5-38EC92E9D908">
<createdBy>reimu</createdBy>
<createdTime>2022-09-22 07:20:01 UTC</createdTime>
<generatorID>6CAE0EA4-14ED-A842-175F-E73391B3E701</generatorID>
<ownerDesignName>HW1_proj</ownerDesignName>
<nullsAllowed>true</nullsAllowed>
<use>0</use>
<logicalDatatype>LOGDT024</logicalDatatype>
<domain>AE7A0007-E6C8-C6EB-E4A5-D3892C21E2C0</domain>
<ownDataTypeParameters>,,</ownDataTypeParameters>
<autoIncrementCycle>false</autoIncrementCycle>
</Column>
<Column name="rating" id="42DEC0BD-7B15-B011-86A1-58FBC46F39B5">
<createdBy>reimu</createdBy>
<createdTime>2022-09-22 07:20:01 UTC</createdTime>
<generatorID>DB417F1F-B77A-138C-1888-2446DA3F3138</generatorID>
<ownerDesignName>HW1_proj</ownerDesignName>
<nullsAllowed>true</nullsAllowed>
<useDomainConstraints>false</useDomainConstraints>
<use>1</use>
<logicalDatatype>LOGDT019</logicalDatatype>
<dataTypePrecision>2</dataTypePrecision>
<ownDataTypeParameters>,2,</ownDataTypeParameters>
<autoIncrementCycle>false</autoIncrementCycle>
</Column>
</columns>
<indexes itemClass="oracle.dbtools.crest.model.design.relational.Index">
<ind_PK_UK id="8EEABB5A-0F93-620F-8080-5E4A3184F4CF" name="Books_PK">
<createdBy>reimu</createdBy>
<createdTime>2022-09-22 07:20:01 UTC</createdTime>
<generatorID>95DC18BC-E4F2-33F0-B6E1-F7E010130330</generatorID>
<ownerDesignName>HW1_proj</ownerDesignName>
<pk>true</pk>
<indexState>Primary Constraint</indexState>
<isSurrogateKey>false</isSurrogateKey>
<indexColumnUsage>
<colUsage columnID="922D1AB7-E7BE-E441-FC29-38688D1F896D"/>
</indexColumnUsage>
</ind_PK_UK>
</indexes>
</Table>
