<?xml version = '1.0' encoding = 'UTF-8'?>
<Diagram class="oracle.dbtools.crest.swingui.logical.DPVLogical" name="Logical" id="A27BBAE6-0CFC-55C8-64D6-F83087A87419">
<createdBy>reimu</createdBy>
<modifiedBy>reimu</modifiedBy>
<createdTime>2022-09-22 07:02:43 UTC</createdTime>
<autoRoute>false</autoRoute>
<boxInbox>true</boxInbox>
<showLegend>false</showLegend>
<showLabels>false</showLabels>
<showRelAttributes>false</showRelAttributes>
<gridEnabled>false</gridEnabled>
<showGrid>false</showGrid>
<diagramColor>-1</diagramColor>
<display>false</display>
<notation>0</notation>
<objectViews>
<OView class="oracle.dbtools.crest.swingui.logical.TVEntity" oid="2C3B37EA-9447-B4F7-C342-401ADE9BBED9" otype="Entity" vid="4C7C623D-8CA6-0870-2D92-4B3C0AF88305">
<hideElementsInCurrentOnly>false</hideElementsInCurrentOnly>
<bounds x="445" y="169" width="212" height="186"/>
</OView>
<OView class="oracle.dbtools.crest.swingui.logical.TVEntity" oid="765A3820-FEF1-C631-ABD5-98D9932B2656" otype="Entity" vid="9348F99E-536C-9F70-D5D0-1354825AD858">
<hideElementsInCurrentOnly>false</hideElementsInCurrentOnly>
<bounds x="166" y="163" width="213" height="194"/>
</OView>
<OView class="oracle.dbtools.crest.swingui.logical.TVEntity" oid="E502D34C-B962-8080-21A3-A9406CB06E70" otype="Entity" vid="FADFA9FB-0136-E016-A6CA-DEC7B1C56E60">
<hideElementsInCurrentOnly>false</hideElementsInCurrentOnly>
<bounds x="322" y="397" width="200" height="134"/>
</OView>
<OView class="oracle.dbtools.crest.swingui.TVNote" oid="E9B8CC89-2885-819F-F396-50F6FA0FA682" otype="Note" vid="C06CD956-1A9D-E93B-2A81-141222858E8B">
<hideElementsInCurrentOnly>false</hideElementsInCurrentOnly>
<bounds x="574" y="400" width="245" height="100"/>
<comment>ruojia zhang
roger_zhang@gwu.edu</comment>
</OView>
</objectViews>
<connectors>
<Connector class="oracle.dbtools.crest.swingui.logical.TVRelation" oid="1DAE6DE9-B47B-486F-96AB-741A96E3A8F1" otype="Relation" vid_source="4C7C623D-8CA6-0870-2D92-4B3C0AF88305" vid_target="FADFA9FB-0136-E016-A6CA-DEC7B1C56E60">
<hideElementsInCurrentOnly>false</hideElementsInCurrentOnly>
<backgroundColor>-16777216</backgroundColor>
<lineWidth>1</lineWidth>
<points>
<point x="483" y="355"/>
<point x="483" y="397"/>
</points>
</Connector>
<Connector class="oracle.dbtools.crest.swingui.logical.TVRelation" oid="BEC65530-19D4-3C36-E41B-6AA4BD450020" otype="Relation" vid_source="9348F99E-536C-9F70-D5D0-1354825AD858" vid_target="FADFA9FB-0136-E016-A6CA-DEC7B1C56E60">
<hideElementsInCurrentOnly>false</hideElementsInCurrentOnly>
<backgroundColor>-16777216</backgroundColor>
<lineWidth>1</lineWidth>
<points>
<point x="350" y="357"/>
<point x="350" y="397"/>
</points>
</Connector>
</connectors>
</Diagram>
