<?xml version = '1.0' encoding = 'UTF-8'?>
<DomainFile class="oracle.dbtools.crest.model.design.DomainFileWrapper" fileName="HW1">
<domains>
<Domain class="oracle.dbtools.crest.model.design.Domain" name="Zip" id="12640F29-A75D-5774-A336-BBC7B6BEC903">
<createdBy>reimu</createdBy>
<createdTime>2022-09-22 07:04:56 UTC</createdTime>
<ownerDesignName>HW1_proj</ownerDesignName>
<importedID>12640F29-A75D-5774-A336-BBC7B6BEC903</importedID>
<avTSortOrder>0</avTSortOrder>
<dataTypeSize>10</dataTypeSize>
<fileName>HW1</fileName>
<logicalDatatype>LOGDT024</logicalDatatype>
</Domain>
<Domain class="oracle.dbtools.crest.model.design.Domain" name="State" id="15E78D3B-B9BE-5A32-A3E9-5F1916C8244B">
<createdBy>reimu</createdBy>
<createdTime>2022-09-22 07:04:56 UTC</createdTime>
<ownerDesignName>HW1_proj</ownerDesignName>
<importedID>15E78D3B-B9BE-5A32-A3E9-5F1916C8244B</importedID>
<avTSortOrder>0</avTSortOrder>
<dataTypeSize>2</dataTypeSize>
<fileName>HW1</fileName>
<logicalDatatype>LOGDT024</logicalDatatype>
</Domain>
<Domain class="oracle.dbtools.crest.model.design.Domain" name="City" id="272FAAEC-3C2A-C060-66A7-18B988301FE0">
<createdBy>reimu</createdBy>
<createdTime>2022-09-22 07:04:56 UTC</createdTime>
<ownerDesignName>HW1_proj</ownerDesignName>
<importedID>272FAAEC-3C2A-C060-66A7-18B988301FE0</importedID>
<avTSortOrder>0</avTSortOrder>
<dataTypeSize>25</dataTypeSize>
<fileName>HW1</fileName>
<logicalDatatype>LOGDT024</logicalDatatype>
</Domain>
<Domain class="oracle.dbtools.crest.model.design.Domain" name="Address Line" id="63B782C7-6285-0E63-BED3-39380175C3A4">
<createdBy>reimu</createdBy>
<createdTime>2022-09-22 06:56:57 UTC</createdTime>
<ownerDesignName>HW1_proj</ownerDesignName>
<importedID>BE218845-E94E-F734-9C54-9C014A731B16</importedID>
<avTSortOrder>0</avTSortOrder>
<dataTypeSize>40</dataTypeSize>
<fileName>HW1</fileName>
<logicalDatatype>LOGDT024</logicalDatatype>
</Domain>
<Domain class="oracle.dbtools.crest.model.design.Domain" name="Numeric Id" id="96C20CB8-FCDB-254D-C56E-46B921689A6B">
<createdBy>reimu</createdBy>
<createdTime>2022-09-22 07:04:56 UTC</createdTime>
<ownerDesignName>HW1_proj</ownerDesignName>
<importedID>96C20CB8-FCDB-254D-C56E-46B921689A6B</importedID>
<avTSortOrder>0</avTSortOrder>
<dataTypePrecision>7</dataTypePrecision>
<dataTypeScale>0</dataTypeScale>
<fileName>HW1</fileName>
<logicalDatatype>LOGDT019</logicalDatatype>
</Domain>
<Domain class="oracle.dbtools.crest.model.design.Domain" name="Book Id" id="A0364EBC-BE2F-181C-0B43-4DEC6215ED7C">
<createdBy>reimu</createdBy>
<createdTime>2022-09-22 07:04:56 UTC</createdTime>
<ownerDesignName>HW1_proj</ownerDesignName>
<importedID>A0364EBC-BE2F-181C-0B43-4DEC6215ED7C</importedID>
<avTSortOrder>0</avTSortOrder>
<dataTypeSize>20</dataTypeSize>
<fileName>HW1</fileName>
<logicalDatatype>LOGDT024</logicalDatatype>
</Domain>
<Domain class="oracle.dbtools.crest.model.design.Domain" name="Person Name" id="AE7A0007-E6C8-C6EB-E4A5-D3892C21E2C0">
<createdBy>reimu</createdBy>
<createdTime>2022-09-22 06:55:53 UTC</createdTime>
<ownerDesignName>HW1_proj</ownerDesignName>
<importedID>85F94878-A403-FFB5-5C4C-0338ABEBC4D3</importedID>
<avTSortOrder>0</avTSortOrder>
<dataTypeSize>25</dataTypeSize>
<fileName>HW1</fileName>
<logicalDatatype>LOGDT024</logicalDatatype>
</Domain>
<Domain class="oracle.dbtools.crest.model.design.Domain" name="Unknown" id="DOM3000004">
<createdBy>reimu</createdBy>
<createdTime>2022-09-22 06:54:19 UTC</createdTime>
<ownerDesignName>HW1_proj</ownerDesignName>
<importedID>DOM3000004</importedID>
<avTSortOrder>0</avTSortOrder>
<fileName>HW1</fileName>
<logicalDatatype>LOGDT017</logicalDatatype>
</Domain>
<Domain class="oracle.dbtools.crest.model.design.Domain" name="Title" id="EE2096E9-5368-42BC-0CDB-D355F9631FE7">
<createdBy>reimu</createdBy>
<createdTime>2022-09-22 07:04:56 UTC</createdTime>
<ownerDesignName>HW1_proj</ownerDesignName>
<importedID>EE2096E9-5368-42BC-0CDB-D355F9631FE7</importedID>
<avTSortOrder>0</avTSortOrder>
<dataTypeSize>50</dataTypeSize>
<fileName>HW1</fileName>
<logicalDatatype>LOGDT024</logicalDatatype>
</Domain>
</domains>
</DomainFile>
